time,OCV,SOC,,,
0.0,4.187915,1.0,,,
59.99799999999230,4.1864800000000000,0.9994857483979090,,,
120.00099999998900,4.184965,0.9985723224753120,,,
179.99799999999200,4.1837,0.9976588965527160,,,
239.9990000000110,4.18252,0.99674547063012,,,
299.9979999999920,4.1813400000000000,0.9958320447075240,,,
360.0009999999890,4.180325,0.9949186187849280,,,
420.0009999999890,4.178725,0.9940087890273810,,,
480.0,4.176705,0.9930989592698350,,,
539.9990000000110,4.174685,0.9921855333472390,,,
600.0009999999890,4.172825,0.9912757035896920,,,
660.0,4.170805,0.9903622776670960,,,
719.9990000000110,4.168950000000000,0.9894524479095490,,,
779.9979999999920,4.16718,0.9885390219869530,,,
839.9990000000110,4.16533,0.9876291922294070,,,
900.0,4.16364,0.9867157663068100,,,
959.9979999999920,4.161955,0.9858023403842140,,,
1019.9990000000100,4.160355,0.984888914461618,,,
1079.9990000000100,4.158665,0.9839790847040720,,,
1139.9979999999900,4.15707,0.9830656587814750,,,
1200.0,4.1554650000000000,0.9821522328588790,,,
1260.0,4.1540300000000000,0.9812388069362830,,,
1319.9979999999900,4.152515,0.980325381013687,,,
1379.9990000000100,4.151085,0.9794155512561400,,,
1440.0009999999900,4.149650000000000,0.9785057214985940,,,
1499.9990000000100,4.14822,0.9775922955759980,,,
1559.9979999999900,4.14687,0.9766824658184510,,,
1619.9990000000100,4.14552,0.9757690398958550,,,
1679.9990000000100,4.144255000000000,0.9748520178082090,,,
1740.0,4.142990000000000,0.9739421880506630,,,
1799.9990000000100,4.14173,0.9730323582931160,,,
1859.9990000000100,4.14055,0.9721225285355700,,,
1920.0009999999900,4.139285000000000,0.9712091026129740,,,
1979.9990000000100,4.13819,0.9702992728554270,,,
2039.9979999999900,4.13701,0.9693858469328310,,,
2099.9979999999900,4.13583,0.9684724210102350,,,
2159.9979999999900,4.134735,0.9675589950876380,,,
2220.0,4.133805000000000,0.9666419729999930,,,
2279.9979999999900,4.13271,0.9657285470773970,,,
2340.0,4.1317,0.9648151211548010,,,
2399.9979999999900,4.1306900000000000,0.9639052913972540,,,
2459.997000000000,4.129675000000000,0.9629918654746580,,,
2520.0009999999900,4.128745,0.962074843387012,,,
2579.9979999999900,4.12782,0.961161417464416,,,
2639.9990000000100,4.126895,0.9602515877068690,,,
2700.0,4.12605,0.9593381617842730,,,
2759.9990000000100,4.125125000000000,0.9584283320267270,,,
2820.0009999999900,4.12428,0.9575149061041310,,,
2879.9979999999900,4.123435,0.956605076346584,,,
2940.0,4.1225950000000000,0.9556952465890370,,,
2999.9990000000100,4.121840000000000,0.9547818206664410,,,
3059.9990000000100,4.121075,0.9538719909088950,,,
3120.0,4.120235,0.9529621611513480,,,
3179.9979999999900,4.11956,0.9520487352287520,,,
3240.0,4.118805,0.9511353093061560,,,
3299.9979999999900,4.11813,0.9502254795486090,,,
3359.9990000000100,4.117370000000000,0.9493120536260130,,,
3419.9979999999900,4.116615,0.948398627703417,,,
3479.9979999999900,4.115935,0.9474852017808210,,,
3539.9979999999900,4.115350000000000,0.9465681796931750,,,
3600.0009999999900,4.114675,0.9456619461006780,,,
3659.9979999999900,4.114,0.9447521163431320,,,
3719.9979999999900,4.11341,0.943842286585585,,,
3779.9979999999900,4.11282,0.942928860662989,,,
3839.9990000000100,4.112145,0.9420154347403930,,,
3900.0009999999900,4.111555,0.9411056049828460,,,
3959.9990000000100,4.110965,0.9401921790602500,,,
4019.9990000000100,4.11046,0.9392787531376540,,,
4079.9979999999900,4.10987,0.9383653272150580,,,
4140.000999999990,4.10936,0.9374519012924620,,,
4200.000999999990,4.108775,0.9365384753698660,,,
4260.000999999990,4.10835,0.935628645612319,,,
4319.999000000010,4.1077650000000000,0.9347188158547720,,,
4379.997999999990,4.107255,0.9338053899321760,,,
4439.999000000010,4.10675,0.9328919640095800,,,
4499.997999999990,4.106245,0.9319821342520340,,,
4559.999000000010,4.10574,0.9310687083294370,,,
4620.0,4.105315,0.930158878571891,,,
4679.997999999990,4.104815,0.9292454526492950,,,
4739.999000000010,4.10439,0.9283320267266990,,,
4799.999000000010,4.10405,0.9274221969691520,,,
4860.0,4.10355,0.9265087710465560,,,
4920.0,4.103125,0.9255989412890090,,,
4980.0,4.102705,0.9246855153664130,,,
5039.999000000010,4.102285,0.9237756856088670,,,
5099.999000000010,4.10186,0.9228658558513200,,,
5160.0,4.10144,0.921952429928724,,,
5220.000999999990,4.10102,0.9210426001711770,,,
5279.999000000010,4.100685,0.9201327704136310,,,
5339.999000000010,4.100175,0.9192157483259850,,,
5399.999000000010,4.09984,0.9183023224033890,,,
5459.997999999990,4.099505000000000,0.9173888964807930,,,
5519.999000000010,4.099165000000000,0.9164754705581970,,,
5579.999000000010,4.098745,0.9155620446356000,,,
5639.999000000010,4.098410000000000,0.914652214878054,,,
5699.999000000010,4.09807,0.9137387889554580,,,
5759.997999999990,4.09773,0.9128289591979110,,,
5819.999000000010,4.0974,0.9119155332753150,,,
5879.999000000010,4.09706,0.9110021073527190,,,
5939.999000000010,4.096635,0.9100922775951730,,,
5999.997999999990,4.096305,0.9091788516725760,,,
6060.0,4.095965,0.9082690219150300,,,
6120.000999999990,4.095625,0.9073555959924340,,,
6180.000999999990,4.0952850000000000,0.9064421700698370,,,
6239.997999999990,4.09504,0.9055323403122910,,,
6300.0,4.0947,0.9046189143896950,,,
6360.0,4.09436,0.9037054884670990,,,
6419.997000000000,4.094025,0.9027920625445030,,,
6479.999000000010,4.093775,0.9018822327869560,,,
6540.0,4.093435,0.9009724030294090,,,
6599.997000000000,4.093095,0.9000589771068130,,,
6659.997999999990,4.09293,0.8991455511842170,,,
6719.997999999990,4.092595,0.8982357214266710,,,
6779.997999999990,4.092255,0.8973222955040750,,,
6839.997999999990,4.0920000000000000,0.8964088695814780,,,
6899.999000000010,4.091665000000000,0.895495443658882,,,
6959.997999999990,4.09133,0.894582017736286,,,
7020.0,4.09116,0.8936721879787390,,,
7079.999000000010,4.09082,0.8927587620561430,,,
7139.997999999990,4.09057,0.8918453361335470,,,
7199.999000000010,4.090315,0.8909355063760010,,,
7259.999000000010,4.089980000000000,0.890025676618454,,,
7319.999000000010,4.089640000000000,0.8891086545308080,,,
7380.0,4.089475,0.8881952286082120,,,
7439.999000000010,4.089135000000000,0.8872853988506660,,,
7499.997000000000,4.0888,0.8863719729280700,,,
7560.0,4.08863,0.8854621431705230,,,
7619.997000000000,4.0882950000000000,0.8845487172479270,,,
7679.997999999990,4.0880400000000000,0.8836388874903800,,,
7740.000999999990,4.087705,0.882725461567784,,,
7799.997999999990,4.0874500000000000,0.881812035645188,,,
7859.999000000010,4.087195,0.8809022058876410,,,
7919.997999999990,4.08686,0.8799887799650450,,,
7979.997000000000,4.08661,0.8790789502074990,,,
8039.997999999990,4.086355,0.8781655242849030,,,
8100.0,4.0861,0.8772520983623060,,,
8160.0,4.085765,0.8763422686047600,,,
8220.0,4.085430000000000,0.8754288426821640,,,
8280.00099999999,4.085175,0.8745190129246170,,,
8339.997999999990,4.084835,0.873605587002021,,,
8400.0,4.08459,0.8726921610794250,,,
8460.0,4.08425,0.8717787351568290,,,
8519.997999999990,4.083995,0.8708689053992820,,,
8579.99900000001,4.083655,0.8699554794766860,,,
8639.99900000001,4.083405,0.8690456497191390,,,
8699.99900000001,4.08307,0.8681322237965430,,,
8760.0,4.082815,0.8672223940389970,,,
8819.997999999990,4.08248,0.8663089681164010,,,
8880.0,4.08214,0.8653991383588540,,,
8940.0,4.081805,0.8644857124362580,,,
8999.997999999990,4.081555,0.8635758826787110,,,
9059.997999999990,4.08113,0.8626624567561150,,,
9119.997999999990,4.08079,0.8617490308335190,,,
9179.99900000001,4.080455,0.8608427972410220,,,
9239.997999999990,4.08012,0.859929371318426,,,
9300.0,4.0797800000000000,0.8590159453958300,,,
9359.99900000001,4.07936,0.8581061156382830,,,
9420.0,4.07902,0.8571926897156870,,,
9479.997999999990,4.07869,0.8562792637930910,,,
9539.997000000000,4.078265,0.8553658378704950,,,
9599.997000000000,4.07793,0.8544524119478990,,,
9660.0,4.077505,0.8535425821903520,,,
9719.99900000001,4.077085,0.8526327524328060,,,
9780.0,4.07658,0.8517193265102090,,,
9839.99900000001,4.07624,0.8508094967526630,,,
9899.997000000000,4.07582,0.8498960708300670,,,
9960.002000000010,4.075315,0.8489826449074710,,,
10019.998000000000,4.074895,0.8480692189848750,,,
10079.998000000000,4.074385,0.8471593892273280,,,
10139.998000000000,4.073965000000000,0.8462459633047320,,,
10199.99900000000,4.07346,0.8453325373821360,,,
10259.998000000000,4.072955,0.8444227076245890,,,
10319.99900000000,4.07245,0.8435092817019930,,,
10379.998000000000,4.07203,0.8425958557793970,,,
10440.0,4.07144,0.8416860260218500,,,
10499.998000000000,4.070930000000000,0.840772600099254,,,
10559.998000000000,4.070345,0.839859174176658,,,
10620.00100000000,4.06975,0.8389493444191110,,,
10680.0,4.0692450000000000,0.8380359184965150,,,
10740.0,4.068745,0.8371224925739190,,,
10799.998000000000,4.06815,0.8362126628163730,,,
10859.99900000000,4.067475,0.8352992368937770,,,
10919.997000000000,4.0669700000000000,0.8343894071362300,,,
10979.99900000000,4.0663800000000000,0.8334759812136340,,,
11039.998000000000,4.06571,0.8325625552910380,,,
11099.99900000000,4.0652,0.831652725533491,,,
11159.99900000000,4.064525,0.8307392996108950,,,
11220.00100000000,4.06377,0.8298258736882990,,,
11279.99900000000,4.06326,0.8289124477657030,,,
11340.0,4.06259,0.8279990218431060,,,
11400.0,4.0618300000000000,0.82708919208556,,,
11459.99900000000,4.06124,0.8261757661629640,,,
11519.998000000000,4.060565,0.8252623402403680,,,
11579.998000000000,4.059890000000000,0.8243489143177720,,,
11639.99900000000,4.0591350000000000,0.8234390845602250,,,
11700.0,4.058455,0.8225292548026790,,,
11760.00100000000,4.0577000000000000,0.8216158288800820,,,
11819.998000000000,4.057025000000000,0.8207059991225360,,,
11879.998000000000,4.056265,0.8197925731999400,,,
11939.99900000000,4.0555900000000000,0.8188791472773430,,,
12000.0,4.054835000000000,0.8179693175197970,,,
12060.0,4.05408,0.8170558915972010,,,
12119.99900000000,4.0534,0.8161460618396540,,,
12179.998000000000,4.052645,0.815232635917058,,,
12240.0,4.0518,0.8143192099944620,,,
12299.998000000000,4.051045,0.8134093802369150,,,
12359.99900000000,4.050280000000000,0.8124959543143190,,,
12419.99900000000,4.049525,0.8115861245567730,,,
12480.0,4.04868,0.8106726986341770,,,
12539.998000000000,4.047925,0.8097628688766300,,,
12599.998000000000,4.047165,0.8088494429540340,,,
12660.0,4.04632,0.8079396131964870,,,
12719.998000000000,4.045565,0.8070261872738910,,,
12780.002000000000,4.04472,0.8061163575163450,,,
12839.998000000000,4.04388,0.8052029315937480,,,
12899.99900000000,4.043035,0.8042895056711520,,,
12959.99900000000,4.042275,0.8033796759136060,,,
13020.0,4.04152,0.8024662499910100,,,
13080.003000000000,4.040675,0.801556420233463,,,
13139.997000000000,4.03975,0.8006429943108670,,,
13199.998000000000,4.03899,0.7997331645533200,,,
13259.998000000000,4.03806,0.7988233347957740,,,
13320.0,4.037305,0.7979099088731780,,,
13379.99900000000,4.03638,0.7969964829505820,,,
13439.99900000000,4.035615,0.7960830570279850,,,
13499.997000000000,4.034690000000000,0.7951732272704390,,,
13560.0,4.033850000000000,0.7942633975128920,,,
13619.99900000000,4.033005,0.7933499715902960,,,
13679.99900000000,4.0320800000000000,0.7924401418327500,,,
13740.0,4.03124,0.7915231197451040,,,
13799.997000000000,4.03031,0.7906132899875570,,,
13859.99900000000,4.02955,0.7896998640649610,,,
13919.998000000000,4.028625,0.7887864381423650,,,
13980.0,4.027695,0.7878766083848180,,,
14040.0,4.026855000000000,0.7869631824622220,,,
14099.99900000000,4.02593,0.7860533527046760,,,
14159.997000000000,4.02508,0.7851399267820790,,,
14219.998000000000,4.02424,0.7842300970245330,,,
14280.00100000000,4.023315,0.7833238634320360,,,
14340.0,4.022385,0.7824104375094400,,,
14400.00100000000,4.02146,0.7814970115868440,,,
14460.0,4.02045,0.7805871818292970,,,
14519.997000000000,4.01977,0.7796737559067010,,,
14580.0,4.018845,0.7787639261491550,,,
14639.998000000000,4.01792,0.7778505002265580,,,
14700.0,4.01708,0.7769406704690120,,,
14759.99900000000,4.01615,0.7760272445464160,,,
14819.99900000000,4.015305,0.7751174147888690,,,
14879.997000000000,4.01438,0.774203988866273,,,
14939.99900000000,4.01345,0.7732941591087260,,,
14999.998000000000,4.012525,0.7723807331861300,,,
15059.99900000000,4.011685,0.7714709034285840,,,
15119.998000000000,4.01076,0.7705574775059880,,,
15180.0,4.009825,0.7696440515833910,,,
15240.0,4.008900000000000,0.7687342218258450,,,
15300.00100000000,4.007975,0.7678207959032490,,,
15359.99900000000,4.00713,0.7669073699806530,,,
15420.0,4.00629,0.7659975402231060,,,
15479.99900000000,4.00536,0.7650841143005100,,,
15539.99900000000,4.004520000000000,0.7641742845429630,,,
15599.998000000000,4.00351,0.7632608586203670,,,
15660.0,4.00258,0.7623474326977710,,,
15719.99900000000,4.00174,0.7614340067751750,,,
15780.0,4.00081,0.7605241770176280,,,
15839.99900000000,3.99988,0.7596107510950320,,,
15900.00100000000,3.99904,0.758697325172436,,,
15959.997000000000,3.99803,0.7577874954148890,,,
16019.998000000000,3.9971900000000000,0.7568740694922930,,,
16079.99900000000,3.9962550000000000,0.7559606435696970,,,
16139.997000000000,3.9954150000000000,0.7550508138121510,,,
16200.00100000000,3.99449,0.7541373878895550,,,
16260.0,3.9936500000000000,0.7532239619669580,,,
16319.998000000000,3.9927200000000000,0.7523141322094120,,,
16379.998000000000,3.9918750000000000,0.7514007062868160,,,
16439.99900000000,3.9909500000000000,0.7504908765292690,,,
16499.99900000000,3.990025,0.7495774506066730,,,
16560.0,3.98918,0.7486676208491270,,,
16619.998000000000,3.9882550000000000,0.7477541949265300,,,
16679.99900000000,3.9874100000000000,0.746840769003934,,,
16739.998000000000,3.9865650000000000,0.7459309392463880,,,
16800.0,3.98564,0.7450175133237910,,,
16859.998000000000,3.984715,0.744107683566245,,,
16919.99900000000,3.9838700000000000,0.7431942576436490,,,
16980.0,3.9830250000000000,0.7422844278861020,,,
17039.997000000000,3.982185,0.741371001963506,,,
17099.998000000000,3.9812600000000000,0.7404611722059600,,,
17160.00100000000,3.980415,0.7395477462833630,,,
17219.998000000000,3.9794850000000000,0.7386379165258170,,,
17279.99900000000,3.978645,0.7377244906032210,,,
17340.0,3.977805,0.7368110646806250,,,
17399.99900000000,3.9769550000000000,0.7359012349230780,,,
17459.998000000000,3.97603,0.7349842128354320,,,
17520.0,3.975275,0.7340743830778860,,,
17579.998000000000,3.9743500000000000,0.7331645533203390,,,
17639.998000000000,3.9735,0.7322547235627930,,,
17699.99900000000,3.9726600000000000,0.7313412976401960,,,
17760.0,3.97182,0.7304314678826500,,,
17820.00100000000,3.970975,0.7295216381251030,,,
17880.0,3.97013,0.7286046160374580,,,
17940.0,3.96929,0.727694786279911,,,
17999.997000000000,3.96845,0.7267849565223640,,,
18059.998000000000,3.967605,0.7258679344347190,,,
18119.99900000000,3.96676,0.7249581046771720,,,
18180.0,3.9659200000000000,0.7240446787545760,,,
18239.99900000000,3.965075,0.7231348489970300,,,
18299.998000000000,3.9644,0.7222214230744330,,,
18360.00100000000,3.96356,0.7213115933168870,,,
18419.998000000000,3.962715,0.7203981673942910,,,
18479.99900000000,3.9618700000000000,0.7194883376367440,,,
18540.00100000000,3.96103,0.718574911714148,,,
18599.998000000000,3.96027,0.7176650819566020,,,
18659.998000000000,3.9594300000000000,0.7167516560340050,,,
18720.0,3.9586700000000000,0.7158418262764590,,,
18779.998000000000,3.95783,0.7149284003538630,,,
18840.0,3.956985,0.7140149744312660,,,
18899.99900000000,3.956225,0.7131015485086700,,,
18959.998000000000,3.95547,0.7121917187511240,,,
19019.99900000000,3.954625,0.7112818889935770,,,
19080.0,3.9538650000000000,0.710368463070981,,,
19140.0,3.9530250000000000,0.7094586333134350,,,
19199.997000000000,3.95235,0.7085452073908380,,,
19259.998000000000,3.951505,0.7076317814682420,,,
19320.0,3.95075,0.7067219517106960,,,
19380.0,3.94999,0.7058121219531490,,,
19440.0,3.9491450000000000,0.704898696030553,,,
19499.997000000000,3.948475,0.7039852701079570,,,
19559.998000000000,3.94763,0.7030754403504100,,,
19619.99900000000,3.946955,0.7021620144278140,,,
19679.998000000000,3.946115,0.7012521846702680,,,
19740.0,3.945355,0.7003387587476710,,,
19800.00100000000,3.9445950000000000,0.6994289289901250,,,
19859.99900000000,3.943835,0.6985155030675290,,,
19919.99900000000,3.9430750000000000,0.6976020771449330,,,
19979.99900000000,3.942235,0.696692247387386,,,
20039.998000000000,3.94156,0.6957788214647900,,,
20100.0,3.9408000000000000,0.6948689917072430,,,
20159.998000000000,3.9400450000000000,0.6939555657846470,,,
20219.99900000000,3.9393700000000000,0.6930457360271010,,,
20279.998000000000,3.9386100000000000,0.6921323101045050,,,
20340.0,3.937855,0.691222480346958,,,
20399.99900000000,3.93709,0.6903090544243620,,,
20459.997000000000,3.9363350000000000,0.6893992246668150,,,
20519.99900000000,3.93558,0.6884857987442190,,,
20579.99900000000,3.9349,0.687572372821623,,,
20640.0,3.9340600000000000,0.6866589468990270,,,
20700.00100000000,3.93339,0.6857491171414800,,,
20760.00100000000,3.932625,0.6848356912188840,,,
20819.99900000000,3.931955,0.683922265296288,,,
20879.998000000000,3.931275,0.6830124355387420,,,
20940.0,3.930435,0.6820990096161450,,,
20999.99900000000,3.929765,0.6811891798585990,,,
21060.00100000000,3.9290000000000000,0.6802757539360030,,,
21119.998000000000,3.92833,0.6793623280134070,,,
21179.998000000000,3.9275700000000000,0.67845249825586,,,
21239.99900000000,3.926895,0.6775426684983130,,,
21299.998000000000,3.92614,0.6766292425757170,,,
21359.998000000000,3.92538,0.6757158166531210,,,
21419.998000000000,3.92462,0.6748059868955750,,,
21479.998000000000,3.923945,0.6738925609729780,,,
21539.99900000000,3.92319,0.6729827312154320,,,
21599.998000000000,3.922515,0.6720729014578850,,,
21660.0,3.921755,0.6711594755352890,,,
21719.998000000000,3.92108,0.6702496457777430,,,
21780.0,3.92032,0.6693362198551470,,,
21840.00100000000,3.91965,0.6684227939325500,,,
21899.99900000000,3.91889,0.6675093680099540,,,
21960.0,3.9181300000000000,0.6665995382524080,,,
22020.00100000000,3.91746,0.6656861123298120,,,
22079.99900000000,3.9167,0.6647726864072150,,,
22140.0,3.9160250000000000,0.6638628566496690,,,
22199.99900000000,3.9152650000000000,0.6629494307270730,,,
22260.00100000000,3.914595,0.6620396009695260,,,
22319.996000000000,3.91383,0.6611297712119800,,,
22380.00100000000,3.913075,0.660219941454433,,,
22439.99900000000,3.912315,0.6593065155318370,,,
22500.0,3.9116400000000000,0.6583966857742900,,,
22560.00100000000,3.910965,0.6574796636866450,,,
22619.99900000000,3.91021,0.6565662377640480,,,
22679.998000000000,3.90945,0.6556564080065020,,,
22739.998000000000,3.90869,0.6547429820839060,,,
22800.0,3.907935,0.6538331523263590,,,
22859.997000000000,3.907175,0.6529233225688130,,,
22919.998000000000,3.906415,0.6520098966462160,,,
22980.0,3.9056550000000000,0.6510964707236200,,,
23040.0,3.904985,0.6501830448010240,,,
23099.99900000000,3.90414,0.649269618878428,,,
23160.0,3.903385,0.6483597891208810,,,
23219.99900000000,3.9026200000000000,0.6474463631982850,,,
23279.99900000000,3.9019500000000000,0.6465329372756890,,,
23340.0,3.9011050000000000,0.6456231075181430,,,
23400.00100000000,3.900265,0.6447132777605960,,,
23459.99900000000,3.899585,0.6437998518380000,,,
23519.998000000000,3.898745,0.6428900220804530,,,
23579.99900000000,3.89799,0.6419765961578570,,,
23640.00100000000,3.89723,0.6410667664003110,,,
23700.00100000000,3.8963900000000000,0.6401533404777150,,,
23759.998000000000,3.8955450000000000,0.639243510720168,,,
23820.0,3.894785,0.6383300847975720,,,
23879.998000000000,3.89394,0.6374202550400250,,,
23939.99900000000,3.893185,0.6365068291174290,,,
23999.998000000000,3.89234,0.6355934031948330,,,
24060.00100000000,3.891585,0.6346835734372860,,,
24119.998000000000,3.89074,0.6337701475146900,,,
24179.99900000000,3.8899850000000000,0.6328603177571440,,,
24240.0,3.889055,0.6319468918345480,,,
24300.0,3.8882150000000000,0.631037062077001,,,
24360.00100000000,3.887365,0.6301236361544050,,,
24419.997000000000,3.886525,0.6292102102318090,,,
24479.998000000000,3.885595,0.6282967843092130,,,
24539.997000000000,3.88484,0.627386954551666,,,
24599.99900000000,3.88391,0.6264735286290700,,,
24660.00100000000,3.882985,0.6255636988715230,,,
24720.00100000000,3.8821400000000000,0.6246502729489270,,,
24779.99900000000,3.8813,0.6237404431913810,,,
24839.99900000000,3.880455,0.6228306134338340,,,
24900.0,3.87953,0.6219171875112380,,,
24959.998000000000,3.878685,0.6210037615886420,,,
25020.0,3.8777600000000000,0.6200939318310950,,,
25080.0,3.876835,0.6191805059084990,,,
25140.0,3.87599,0.6182706761509530,,,
25200.00100000000,3.875065,0.6173572502283560,,,
25260.00100000000,3.874135,0.6164474204708100,,,
25320.00100000000,3.8732950000000000,0.6155339945482140,,,
25380.0,3.872365,0.6146241647906670,,,
25440.004000000000,3.871525,0.6137143350331210,,,
25499.997000000000,3.870595,0.6127973129454750,,,
25559.997000000000,3.86967,0.6118874831879280,,,
25619.99900000000,3.868825,0.6109740572653320,,,
25679.998000000000,3.8679000000000000,0.610060631342736,,,
25739.998000000000,3.86714,0.6091508015851890,,,
25799.99900000000,3.8662150000000000,0.6082409718276430,,,
25859.998000000000,3.865285,0.6073275459050470,,,
25920.003000000000,3.8645300000000000,0.6064177161475000,,,
25979.99900000000,3.8636,0.6055042902249040,,,
26039.997000000000,3.8626750000000000,0.604590864302308,,,
26100.0,3.8619150000000000,0.6036810345447610,,,
26159.998000000000,3.86099,0.6027676086221650,,,
26219.998000000000,3.860145,0.6018577788646190,,,
26279.998000000000,3.8593900000000000,0.6009443529420230,,,
26339.998000000000,3.85863,0.600034523184476,,,
26400.002000000000,3.857705,0.5991210972618800,,,
26459.99900000000,3.856855,0.5982112675043330,,,
26519.99900000000,3.856015,0.5972978415817370,,,
26579.998000000000,3.855255,0.5963880118241910,,,
26639.99900000000,3.854415,0.5954745859015950,,,
26699.99900000000,3.853575,0.5945647561440480,,,
26759.998000000000,3.852815,0.5936549263865010,,,
26820.0,3.852055,0.5927486927940040,,,
26879.998000000000,3.85121,0.5918388630364580,,,
26940.0,3.85037,0.5909254371138620,,,
27000.0,3.8496950000000000,0.5900120111912660,,,
27059.997000000000,3.848855,0.5891021814337190,,,
27120.00100000000,3.84809,0.5881887555111230,,,
27179.99900000000,3.84725,0.5872753295885270,,,
27240.0,3.8465750000000000,0.5863619036659310,,,
27300.00100000000,3.845735,0.585452073908384,,,
27360.00100000000,3.8449800000000000,0.5845386479857880,,,
27419.998000000000,3.844215,0.5836288182282410,,,
27480.0,3.843375,0.5827153923056450,,,
27539.997000000000,3.8427,0.5818055625480990,,,
27600.0,3.841945,0.5808921366255030,,,
27659.99900000000,3.84118,0.579982306867956,,,
27719.998000000000,3.840425,0.5790688809453600,,,
27779.998000000000,3.839665,0.5781590511878130,,,
27839.99900000000,3.838825,0.5772456252652170,,,
27900.0,3.838065,0.576332199342621,,,
27960.0,3.8373050000000000,0.5754187734200250,,,
28020.0,3.83655,0.5745053474974290,,,
28080.0,3.835875,0.5735955177398820,,,
28140.003000000000,3.835115,0.5726820918172860,,,
28199.99900000000,3.8343550000000000,0.5717686658946900,,,
28259.997000000000,3.8335150000000000,0.5708588361371430,,,
28319.99900000000,3.832755,0.5699454102145470,,,
28379.997000000000,3.831995,0.5690355804570010,,,
28440.00100000000,3.83124,0.5681221545344050,,,
28499.99900000000,3.8304800000000000,0.5672123247768580,,,
28560.0,3.829635,0.5663024950193110,,,
28619.998000000000,3.828875,0.5653890690967150,,,
28679.99900000000,3.82812,0.5644756431741190,,,
28739.99900000000,3.8273650000000000,0.563562217251523,,,
28800.0,3.8266,0.5626451951638770,,,
28859.998000000000,3.825845,0.5617353654063310,,,
28920.002000000000,3.825,0.5608219394837350,,,
28979.997000000000,3.8242450000000000,0.5599085135611380,,,
29039.998000000000,3.823485,0.5589986838035920,,,
29099.99900000000,3.822725,0.5580888540460450,,,
29160.0,3.821885,0.5571718319584000,,,
29220.0,3.8211200000000000,0.5562584060358030,,,
29280.00100000000,3.8202800000000000,0.5553449801132070,,,
29340.002000000000,3.819525,0.5544315541906110,,,
29400.0,3.81868,0.5535217244330650,,,
29460.00100000000,3.81792,0.5526082985104680,,,
29519.99900000000,3.81708,0.5516948725878720,,,
29579.99900000000,3.816235,0.5507814466652760,,,
29639.998000000000,3.815475,0.5498680207426800,,,
29700.0,3.814635,0.5489545948200840,,,
29760.0,3.81379,0.5480447650625370,,,
29820.00100000000,3.813035,0.5471313391399410,,,
29880.0,3.81219,0.546217913217345,,,
29939.998000000000,3.811345,0.5453080834597980,,,
29999.99900000000,3.810505,0.5443946575372020,,,
30060.0,3.8097450000000000,0.5434848277796560,,,
30120.0,3.8089,0.54256780569201,,,
30179.998000000000,3.8080600000000000,0.5416579759344630,,,
30239.998000000000,3.80722,0.5407445500118670,,,
30300.0,3.806375,0.5398311240892710,,,
30360.0,3.80553,0.5389212943317250,,,
30420.0,3.804605,0.5380078684091280,,,
30480.005000000000,3.803765,0.5370980386515820,,,
30540.00100000000,3.8029200000000000,0.5361882088940350,,,
30599.997000000000,3.801995,0.5352783791364890,,,
30659.998000000000,3.80115,0.5343649532138930,,,
30720.00100000000,3.80022,0.5334551234563460,,,
30780.0,3.799295,0.53254169753375,,,
30839.99900000000,3.7983700000000000,0.5316318677762030,,,
30899.998000000000,3.79736,0.5307220380186570,,,
30960.0,3.79643,0.5298122082611100,,,
31019.998000000000,3.79542,0.5288951861734650,,,
31080.002000000000,3.7943250000000000,0.527985356415918,,,
31140.00100000000,3.79331,0.5270755266583710,,,
31199.998000000000,3.7923,0.5261656969008250,,,
31259.998000000000,3.7911200000000000,0.5252522709782290,,,
31320.0,3.7901950000000000,0.5243424412206820,,,
31380.0,3.78901,0.5234362076281850,,,
31440.00100000000,3.787915,0.5225227817055890,,,
31499.997000000000,3.7868200000000000,0.5216129519480430,,,
31560.0,3.78573,0.520703122190496,,,
31620.0,3.7847150000000000,0.5197932924329500,,,
31680.0,3.783535,0.5188798665103530,,,
31739.997000000000,3.7824400000000000,0.5179664405877570,,,
31799.99900000000,3.781345,0.517053014665161,,,
31859.998000000000,3.78033,0.5161431849076150,,,
31920.0,3.779235,0.5152297589850180,,,
31979.998000000000,3.77814,0.5143199292274720,,,
32039.99900000000,3.777125,0.5134065033048760,,,
32100.0,3.77612,0.5124966735473290,,,
32160.00100000000,3.775195,0.511583247624733,,,
32219.997000000000,3.7741800000000000,0.5106734178671870,,,
32280.0,3.773085,0.5097599919445900,,,
32339.998000000000,3.772075,0.5088501621870440,,,
32399.99900000000,3.7711450000000000,0.5079367362644480,,,
32459.99900000000,3.77013,0.5070233103418510,,,
32520.00100000000,3.7692050000000000,0.5061134805843050,,,
32579.99900000000,3.768195,0.5052036508267580,,,
32639.99900000000,3.76727,0.5042902249041620,,,
32700.0,3.76634,0.503376798981566,,,
32760.0,3.765415,0.5024633730589700,,,
32820.0,3.764575,0.5015535433014230,,,
32879.99900000000,3.763725,0.5006401173788270,,,
32939.99800000000,3.7628,0.49972669145623100,,,
33000.0,3.761875,0.4988168616986850,,,
33059.99900000000,3.7609500000000000,0.49790343577608800,,,
33119.99900000000,3.7601050000000000,0.49699360601854200,,,
33180.0,3.7591800000000000,0.49608377626099500,,,
33240.00100000000,3.7583350000000000,0.49517394650344900,,,
33299.99900000000,3.7574050000000000,0.4942605205808530,,,
33360.0,3.75648,0.4933470946582560,,,
33419.99900000000,3.755725,0.4924372649007100,,,
33480.00100000000,3.754875,0.4915238389781140,,,
33539.99900000000,3.7539500000000000,0.4906140092205670,,,
33599.99800000000,3.75311,0.48970058329797100,,,
33659.997,3.75227,0.4887871573753750,,,
33720.0,3.751505,0.4878773276178280,,,
33779.99900000000,3.7505800000000000,0.48696749786028200,,,
33839.99900000000,3.74974,0.48605047577263600,,,
33900.00100000000,3.748895,0.4851406460150900,,,
33959.997,3.74805,0.4842308162575430,,,
34020.00100000000,3.747295,0.48331739033494700,,,
34079.99800000000,3.746365,0.4824039644123510,,,
34139.99800000000,3.7455250000000000,0.4814941346548040,,,
34200.0,3.744685,0.48057711256715800,,,
34259.99900000000,3.74392,0.4796636866445620,,,
34319.99800000000,3.74308,0.47875745305206500,,,
34379.99900000000,3.74224,0.47784402712946900,,,
34439.99900000000,3.7414750000000000,0.47693419737192300,,,
34500.0,3.740635,0.4760207714493260,,,
34559.99800000000,3.739795,0.47511453785682900,,,
34619.99800000000,3.739035,0.4742011119342330,,,
34680.0,3.7381900000000000,0.4732876860116370,,,
34739.99800000000,3.737435,0.4723778562540910,,,
34799.997,3.7365900000000000,0.4714644303314950,,,
34859.99900000000,3.735745,0.4705546005739480,,,
34920.0,3.73499,0.46964117465135200,,,
34980.0,3.734145,0.46873134489380500,,,
35040.00100000000,3.73347,0.46781791897120900,,,
35099.99900000000,3.73263,0.4669080892136630,,,
35160.00100000000,3.73187,0.4659946632910660,,,
35220.0,3.73103,0.4650812373684700,,,
35279.99800000000,3.7301850000000000,0.4641714076109240,,,
35340.0,3.729425,0.46325798168832800,,,
35399.99800000000,3.72867,0.462348151930781,,,
35460.003,3.727825,0.46143472600818500,,,
35520.00100000000,3.72715,0.46051770392053900,,,
35580.00100000000,3.72631,0.4596006818328930,,,
35640.00100000000,3.7255450000000000,0.45868725591029700,,,
35699.99900000000,3.72479,0.4577702338226520,,,
35759.99800000000,3.72395,0.456860404065105,,,
35819.99900000000,3.72327,0.4559469781425090,,,
35879.997,3.72243,0.45503714838496200,,,
35940.0,3.7216750000000000,0.4541237224623660,,,
35999.99900000000,3.720915,0.4532174888698690,,,
36060.0,3.720155,0.45230765911232300,,,
36119.99900000000,3.71948,0.45139423318972600,,,
36179.99800000000,3.7186400000000000,0.4504844034321800,,,
36239.99800000000,3.71788,0.44957097750958400,,,
36299.99800000000,3.717205,0.44866114775203700,,,
36359.99800000000,3.71645,0.447747721829441,,,
36420.0,3.715605,0.4468378920718950,,,
36480.00100000000,3.714845,0.44592446614929800,,,
36539.99900000000,3.714175,0.44501104022670200,,,
36600.0,3.71341,0.4441012104691560,,,
36659.99900000000,3.712655,0.44318778454656000,,,
36719.997,3.71198,0.4422743586239630,,,
36780.00100000000,3.71122,0.44136093270136700,,,
36839.99800000000,3.71055,0.44045110294382100,,,
36899.99800000000,3.70979,0.4395412731862740,,,
36959.997,3.7090300000000000,0.438627847263678,,,
37019.99800000000,3.708355,0.43771801750613100,,,
37079.99800000000,3.7076000000000000,0.43680459158353500,,,
37139.99900000000,3.706835,0.4358911656609390,,,
37200.0,3.706165,0.4349813359033930,,,
37259.99800000000,3.7054100000000000,0.434071506145846,,,
37320.00100000000,3.7047300000000000,0.43315808022325000,,,
37380.0,3.703975,0.4322482504657030,,,
37440.00100000000,3.7033,0.4313348245431070,,,
37500.00100000000,3.70254,0.43042139862051100,,,
37559.99800000000,3.70187,0.42951156886296500,,,
37620.00100000000,3.70111,0.4285981429403680,,,
37680.00100000000,3.7004350000000000,0.4276883131828220,,,
37739.997,3.69976,0.42677488726022600,,,
37799.99800000000,3.699085,0.4258650575026790,,,
37859.99900000000,3.6983250000000000,0.424951631580083,,,
37919.99900000000,3.697655,0.42403820565748700,,,
37979.99900000000,3.69689,0.42313197206499000,,,
38040.00100000000,3.696305,0.4222221423074430,,,
38100.0,3.69563,0.42131231254989700,,,
38159.99900000000,3.69487,0.42039888662730100,,,
38220.0,3.6942,0.4194890568697540,,,
38280.00100000000,3.693605,0.41857563094715800,,,
38340.00200000000,3.69285,0.41766939735466100,,,
38400.0,3.6921750000000000,0.4167523752670150,,,
38460.0,3.691585,0.41583894934441900,,,
38520.0,3.6908250000000000,0.41492552342182300,,,
38579.997,3.690155,0.4140120974992270,,,
38640.00100000000,3.68956,0.41310226774168000,,,
38699.99900000000,3.68889,0.4121888418190840,,,
38759.99900000000,3.6881250000000000,0.411275415896488,,,
38820.0,3.6875400000000000,0.41036558613894100,,,
38880.003,3.686865,0.40945935254644400,,,
38939.99900000000,3.686275,0.4085459266238480,,,
38999.99800000000,3.6855150000000000,0.4076325007012520,,,
39060.00100000000,3.68484,0.40671907477865600,,,
39120.00100000000,3.68425,0.40580924502110900,,,
39179.99900000000,3.68358,0.4048958190985130,,,
39240.0,3.682985,0.4039859893409670,,,
39299.997,3.682315,0.40307256341837100,,,
39360.0,3.6817200000000000,0.4021591374957750,,,
39419.99900000000,3.68105,0.4012493077382280,,,
39479.997,3.6804550000000000,0.40033588181563200,,,
39539.99800000000,3.679785,0.39942605205808500,,,
39599.99800000000,3.679195,0.3985126261354890,,,
39660.00100000000,3.67852,0.3976027963779430,,,
39720.0,3.67793,0.39668937045534600,,,
39779.99800000000,3.6772550000000000,0.3957759445327500,,,
39840.00100000000,3.676665,0.39486611477520400,,,
39899.99900000000,3.675995,0.39395628501765700,,,
39959.99800000000,3.6754,0.39304645526011100,,,
40020.00100000000,3.6747300000000000,0.39213662550256400,,,
40079.99800000000,3.6741350000000000,0.39122319957996800,,,
40139.99800000000,3.673465,0.3903133698224210,,,
40199.99900000000,3.67287,0.3893999438998250,,,
40259.99800000000,3.672285,0.388486517977229,,,
40319.99800000000,3.67169,0.3875766882196830,,,
40379.99900000000,3.671105,0.38666326229708600,,,
40440.00100000000,3.6704300000000000,0.38574983637449000,,,
40499.99800000000,3.6698400000000000,0.3848400066169440,,,
40559.99800000000,3.66925,0.38392658069434800,,,
40619.99900000000,3.66866,0.38301315477175100,,,
40679.99900000000,3.667985,0.38210692117925400,,,
40739.99900000000,3.6674800000000000,0.3811934952566580,,,
40799.99900000000,3.66689,0.38027647316901300,,,
40859.99800000000,3.6662150000000000,0.37936664341146600,,,
40919.99900000000,3.66571,0.3784532174888700,,,
40979.99900000000,3.6650350000000000,0.3775397915662740,,,
41040.0,3.6644450000000000,0.37662996180872700,,,
41099.99800000000,3.663855,0.375716535886131,,,
41159.99800000000,3.663265,0.37480670612858400,,,
41219.99900000000,3.66259,0.37389328020598800,,,
41280.0,3.6620850000000000,0.37297625811834300,,,
41339.99800000000,3.66141,0.37206642836079600,,,
41399.99800000000,3.660905,0.37115300243820000,,,
41459.99900000000,3.6602300000000000,0.3702431726806530,,,
41519.99800000000,3.659725,0.3693297467580570,,,
41580.0,3.6590500000000000,0.36841991700051100,,,
41639.99800000000,3.658545,0.3675064910779150,,,
41699.99900000000,3.6579550000000000,0.3665966613203680,,,
41759.99900000000,3.657365,0.36568323539777200,,,
41820.0,3.6567750000000000,0.36477340564022500,,,
41879.99800000000,3.656105,0.3638599797176290,,,
41939.99900000000,3.655595,0.3629501499600830,,,
42000.0,3.65501,0.3620331278724370,,,
42059.99800000000,3.65433,0.3611161057847910,,,
42120.0,3.65383,0.36020267986219500,,,
42180.0,3.653235,0.3592892539395990,,,
42239.99900000000,3.652565,0.3583794241820520,,,
42299.99900000000,3.65197,0.35746959442450600,,,
42360.00100000000,3.6514700000000000,0.3565561685019100,,,
42419.997,3.650875,0.35564633874436300,,,
42480.00100000000,3.6502850000000000,0.35473291282176700,,,
42539.99800000000,3.64961,0.3538194868991710,,,
42600.00100000000,3.64902,0.35290606097657500,,,
42660.00100000000,3.648435,0.35199263505397800,,,
42719.99900000000,3.64784,0.3510828052964320,,,
42779.99800000000,3.6472550000000000,0.3501693793738360,,,
42839.997,3.6465750000000000,0.34925954961628900,,,
42899.99800000000,3.645905,0.348346123693693,,,
42959.997,3.645315,0.3474362939361470,,,
43019.99900000000,3.644725,0.3465228680135500,,,
43080.0,3.644135,0.3456094420909540,,,
43139.99800000000,3.64346,0.34469601616835800,,,
43200.0,3.6428700000000000,0.3437861864108120,,,
43259.99900000000,3.642195,0.3428727604882150,,,
43319.997,3.641605,0.3419629307306690,,,
43380.0,3.6410150000000000,0.34104950480807300,,,
43439.99800000000,3.640345,0.3401396750505260,,,
43499.99900000000,3.639665,0.33922265296288000,,,
43560.0,3.63908,0.33831282320533400,,,
43620.0,3.6384050000000000,0.33739939728273800,,,
43679.99900000000,3.637725,0.3364895675251910,,,
43739.997,3.637055,0.33557614160259500,,,
43800.0,3.6364650000000000,0.3346663118450480,,,
43859.99800000000,3.63579,0.3337528859224520,,,
43919.99900000000,3.635115,0.3328430561649060,,,
43979.99800000000,3.634445,0.33193322640735900,,,
44040.00100000000,3.63377,0.3310233966498130,,,
44099.99900000000,3.63309,0.3301099707272170,,,
44160.0,3.6323350000000000,0.3291965448046200,,,
44220.0,3.63183,0.3282867150470740,,,
44279.99900000000,3.631075,0.32737328912447800,,,
44340.00100000000,3.630395,0.32645986320188200,,,
44400.0,3.62972,0.32554643727928500,,,
44460.0,3.62905,0.3246366075217390,,,
44519.99800000000,3.628375,0.32372677776419200,,,
44579.99900000000,3.6277850000000000,0.3228133518415960,,,
44639.997,3.62711,0.32189992591900000,,,
44700.0,3.626435,0.3209900961614530,,,
44760.0,3.6257600000000000,0.3200766702388570,,,
44819.99900000000,3.625,0.3191668404813110,,,
44879.99900000000,3.624415,0.31825341455871500,,,
44940.0,3.623825,0.3173399886361180,,,
45000.00100000000,3.623145,0.31642656271352200,,,
45059.997,3.622475,0.3155167329559760,,,
45120.0,3.6218,0.3146033070333800,,,
45180.0,3.62113,0.313693477275833,,,
45240.0,3.620535,0.3127800513532370,,,
45300.0,3.61986,0.3118630292655910,,,
45359.99800000000,3.6191900000000000,0.3109460071779450,,,
45419.99800000000,3.618595,0.31003617742039900,,,
45480.0,3.61792,0.3091227514978030,,,
45539.99900000000,3.61725,0.30821292174025600,,,
45599.99900000000,3.61666,0.30729949581766000,,,
45659.99900000000,3.6159850000000000,0.3063896660601140,,,
45719.99900000000,3.61531,0.3054798363025670,,,
45779.99800000000,3.614635,0.30457000654502000,,,
45839.997,3.6139650000000000,0.30365658062242400,,,
45899.997,3.61337,0.3027431546998280,,,
45959.99800000000,3.612695,0.3018333249422820,,,
46019.99800000000,3.6119400000000000,0.30091989901968500,,,
46079.997,3.611265,0.30001006926213900,,,
46139.99900000000,3.610595,0.29909664333954300,,,
46199.99800000000,3.609915,0.29817962125189700,,,
46260.00100000000,3.609155,0.2972661953293010,,,
46319.99900000000,3.60857,0.2963527694067050,,,
46380.0,3.6078100000000000,0.29544293964915800,,,
46439.99800000000,3.60705,0.294529513726562,,,
46499.99900000000,3.6062950000000000,0.29361608780396600,,,
46560.0,3.605535,0.29270625804641900,,,
46619.99900000000,3.604775,0.2917928321238230,,,
46679.99900000000,3.604015,0.29088300236627700,,,
46739.99800000000,3.603255,0.28996957644368000,,,
46800.00100000000,3.6024200000000000,0.2890561505210840,,,
46859.99800000000,3.60166,0.28814272459848800,,,
46920.0,3.600815,0.2872328948409420,,,
46979.99800000000,3.60006,0.2863194689183460,,,
47040.0,3.599215,0.28540963916079900,,,
47099.997,3.598455,0.28449621323820300,,,
47159.99900000000,3.59753,0.2835863834806560,,,
47219.997,3.5967700000000000,0.2826765537231100,,,
47280.0,3.595925,0.28176312780051400,,,
47339.99900000000,3.595085,0.28085329804296700,,,
47399.99800000000,3.59424,0.2799398721203710,,,
47460.0,3.59348,0.27902644619777500,,,
47520.00100000000,3.5926400000000000,0.2781166164402280,,,
47580.00100000000,3.5918800000000000,0.277203190517632,,,
47639.99800000000,3.59104,0.2762933607600850,,,
47700.0,3.5903650000000000,0.2753799348374890,,,
47759.99800000000,3.5895200000000000,0.27446650891489300,,,
47820.0,3.588765,0.273553082992297,,,
47879.99800000000,3.588005,0.27263965706970100,,,
47939.99800000000,3.587245,0.2717298273121540,,,
48000.0,3.58649,0.27081640138955800,,,
48059.99900000000,3.585645,0.2699065716320120,,,
48119.997,3.584885,0.26899314570941500,,,
48180.0,3.5840450000000000,0.2680797197868190,,,
48239.99800000000,3.583285,0.2671662938642230,,,
48300.0,3.582525,0.26625286794162700,,,
48359.99800000000,3.5816,0.2653394420190310,,,
48419.99800000000,3.5808400000000000,0.2644296122614840,,,
48479.997,3.58,0.2635161863388880,,,
48539.99900000000,3.579155,0.2626063565813420,,,
48599.99800000000,3.57831,0.2616929306587460,,,
48659.99900000000,3.57747,0.26077950473614900,,,
48719.99900000000,3.57671,0.2598660788135530,,,
48779.997,3.5758650000000000,0.25895624905600700,,,
48839.99800000000,3.575025,0.25804282313341100,,,
48899.99800000000,3.57418,0.2571329933758640,,,
48960.00100000000,3.573335,0.2562231636183170,,,
49019.997,3.5726650000000000,0.2553133338607710,,,
49079.99900000000,3.571905,0.2544035041032240,,,
49140.00100000000,3.571145,0.2534900781806280,,,
49199.99900000000,3.570475,0.2525802484230820,,,
49259.997,3.569715,0.25166682250048500,,,
49319.99900000000,3.56904,0.2507533965778890,,,
49379.99900000000,3.568365,0.24983997065529300,,,
49439.99800000000,3.567775,0.24893014089774700,,,
49500.00200000000,3.567105,0.24802031114020000,,,
49560.00100000000,3.566515,0.2471068852176040,,,
49620.005000000000,3.56592,0.2461970554600570,,,
49679.99800000000,3.565335,0.24528722570251100,,,
49740.0,3.5647400000000000,0.24437739594496400,,,
49799.99800000000,3.5641500000000000,0.24346397002236800,,,
49860.00100000000,3.56365,0.242550544099772,,,
49919.99800000000,3.5631400000000000,0.24163711817717600,,,
49979.99800000000,3.562555,0.2407236922545800,,,
50040.00100000000,3.56213,0.23981386249703300,,,
50099.99800000000,3.56154,0.23890043657443700,,,
50159.99900000000,3.5610350000000000,0.23798701065184100,,,
50220.0,3.56053,0.2370771808942940,,,
50279.99900000000,3.5600200000000000,0.23616375497169800,,,
50339.99800000000,3.55952,0.23525032904910200,,,
50400.00100000000,3.558925,0.23434409545660500,,,
50460.0,3.55851,0.2334306695340090,,,
50519.99800000000,3.558,0.23251724361141300,,,
50579.99900000000,3.55749,0.2316074138538660,,,
50639.99900000000,3.55699,0.23069398793127000,,,
50699.99800000000,3.556395,0.22978415817372400,,,
50760.0,3.555895,0.2288707322511270,,,
50819.99800000000,3.5554700000000000,0.22796090249358100,,,
50879.99800000000,3.554965,0.2270474765709850,,,
50939.99900000000,3.5544600000000000,0.22613405064838900,,,
51000.0,3.553955,0.225224220890842,,,
51059.99800000000,3.553365,0.22431079496824600,,,
51119.99900000000,3.55286,0.22339736904565000,,,
51179.99900000000,3.552355,0.22248753928810300,,,
51239.99900000000,3.551845,0.22157770953055700,,,
51299.99900000000,3.55134,0.22066428360796000,,,
51360.0,3.55075,0.2197544538504140,,,
51419.99900000000,3.5502450000000000,0.21884102792781800,,,
51480.0,3.54974,0.21793119817027100,,,
51539.99900000000,3.54915,0.21701777224767500,,,
51600.0,3.548645,0.21610794249012900,,,
51660.0,3.548225,0.21519451656753200,,,
51719.99900000000,3.54763,0.21428468680998600,,,
51780.0,3.547045,0.21337126088739000,,,
51839.99800000000,3.546535,0.21245783496479400,,,
51899.99800000000,3.5459500000000000,0.2115444090421970,,,
51959.99800000000,3.54544,0.21063457928465100,,,
52020.0,3.544855,0.2097211533620550,,,
52079.99900000000,3.544345,0.20881132360450800,,,
52139.99800000000,3.543755,0.207897897681912,,,
52199.99900000000,3.54325,0.20698806792436500,,,
52259.99900000000,3.5426600000000000,0.20607464200176900,,,
52319.99800000000,3.54207,0.20516481224422300,,,
52380.0,3.54148,0.2042513863216270,,,
52440.0,3.54089,0.20333796039903000,,,
52499.99800000000,3.5403000000000000,0.20242453447643400,,,
52560.0,3.5397100000000000,0.20151470471888800,,,
52619.997,3.53912,0.2006012787962920,,,
52680.0,3.538445,0.19968785287369500,,,
52739.99900000000,3.537775,0.19877802311614900,,,
52800.0,3.5371000000000000,0.19786459719355300,,,
52860.0,3.536425,0.19695117127095700,,,
52919.99800000000,3.53575,0.19604134151341000,,,
52979.99800000000,3.53499,0.19512791559081400,,,
53040.00200000000,3.534235,0.1942180858332670,,,
53099.99800000000,3.5334700000000000,0.19330106374562200,,,
53159.99800000000,3.53263,0.1923912339880750,,,
53219.99800000000,3.531875,0.19147780806547900,,,
53279.99900000000,3.5310300000000000,0.19056438214288300,,,
53339.99800000000,3.53027,0.18965455238533600,,,
53399.997,3.529345,0.1887411264627400,,,
53460.00100000000,3.5285,0.18783129670519400,,,
53519.99800000000,3.527575,0.18691787078259700,,,
53580.0,3.5267300000000000,0.1860080410250510,,,
53639.99900000000,3.5257200000000000,0.18509461510245500,,,
53699.99800000000,3.52488,0.184177593014809,,,
53759.99800000000,3.523865,0.18326416709221300,,,
53819.99900000000,3.52294,0.18235074116961700,,,
53879.997,3.52184,0.1814373152470210,,,
53939.99800000000,3.520915,0.18052388932442400,,,
54000.0,3.51982,0.17961405956687800,,,
54059.99900000000,3.51881,0.1787006336442820,,,
54119.99900000000,3.517625,0.17778720772168600,,,
54179.99900000000,3.51645,0.17687737796413900,,,
54239.99800000000,3.515185,0.17596754820659200,,,
54300.0,3.513925,0.17505412228399600,,,
54360.00200000000,3.51257,0.1741406963614000,,,
54420.00100000000,3.511225,0.17323086660385400,,,
54479.997,3.50971,0.17231744068125700,,,
54540.00100000000,3.508275,0.17140401475866100,,,
54600.0,3.506675,0.17049058883606500,,,
54659.99800000000,3.5051550000000000,0.16958075907851900,,,
54719.99900000000,3.50372,0.1686709293209720,,,
54780.0,3.5022900000000000,0.16775750339837600,,,
54839.997,3.5009450000000000,0.1668440774757800,,,
54899.99900000000,3.49976,0.16593424771823300,,,
54959.99800000000,3.498495,0.16502441796068700,,,
55019.99900000000,3.4974050000000000,0.16411099203809100,,,
55080.00100000000,3.496305,0.16320116228054400,,,
55140.0,3.49521,0.16228773635794800,,,
55199.99900000000,3.494115,0.16137431043535200,,,
55259.99900000000,3.49302,0.16046088451275600,,,
55320.00100000000,3.49184,0.15955105475520900,,,
55380.00100000000,3.49066,0.1586376288326130,,,
55439.99900000000,3.489565,0.15772420291001700,,,
55499.99800000000,3.488385,0.15681437315247000,,,
55559.99900000000,3.48712,0.15590454339492400,,,
55619.99800000000,3.485855,0.1549875213072780,,,
55680.00200000000,3.48459,0.15407409538468200,,,
55740.0,3.483245,0.15316426562713500,,,
55799.99800000000,3.48198,0.15225083970453900,,,
55860.0,3.480715,0.1513410099469930,,,
55920.00100000000,3.47928,0.15042758402439600,,,
55980.00100000000,3.477935,0.14951415810180000,,,
56040.00100000000,3.476585,0.1485971360141550,,,
56099.997,3.47515,0.14768730625660800,,,
56159.99800000000,3.473805,0.14677388033401200,,,
56219.997,3.472455,0.14586045441141600,,,
56279.99900000000,3.471025,0.1449506246538690,,,
56339.99900000000,3.46959,0.14403719873127300,,,
56399.997,3.4682400000000000,0.1431273689737260,,,
56459.99800000000,3.4668100000000000,0.14221394305113000,,,
56519.99900000000,3.46529,0.14130411329358400,,,
56580.0,3.463945,0.14039068737098800,,,
56639.99800000000,3.46243,0.139480857613441,,,
56699.99900000000,3.461075,0.13856743169084500,,,
56760.0,3.4595600000000000,0.13765400576824900,,,
56819.99800000000,3.4581300000000000,0.13674417601070200,,,
56880.00100000000,3.456695,0.13583434625315600,,,
56940.0,3.45526,0.1349173241655100,,,
56999.99800000000,3.45383,0.13400389824291400,,,
57060.0,3.4523100000000000,0.1330940684853670,,,
57120.0,3.4507950000000000,0.13218064256277100,,,
57180.0,3.4493600000000000,0.1312672166401750,,,
57240.003,3.447845,0.13035738688262800,,,
57300.0,3.44633,0.1294475571250820,,,
57359.99800000000,3.444725,0.12853413120248600,,,
57419.99900000000,3.443295,0.1276243014449390,,,
57479.99800000000,3.441775,0.12671447168739300,,,
57540.0,3.440175,0.12580104576479600,,,
57599.99800000000,3.43866,0.12488761984220000,,,
57660.0,3.437145,0.12397419391960400,,,
57720.0,3.43546,0.12306436416205800,,,
57780.0,3.4339400000000000,0.12215093823946100,,,
57840.00100000000,3.432255,0.12123751231686500,,,
57899.99800000000,3.43065,0.12032768255931900,,,
57959.99800000000,3.42905,0.11941785280177200,,,
58020.0,3.42737,0.11850442687917600,,,
58079.99900000000,3.42568,0.1175910009565800,,,
58140.0,3.42408,0.11668117119903300,,,
58200.00100000000,3.42231,0.1157677452764370,,,
58259.99900000000,3.4206250000000000,0.11485791551889100,,,
58320.0,3.4188550000000000,0.11394808576134400,,,
58379.99800000000,3.417085,0.11303465983874800,,,
58440.00100000000,3.415395,0.11212123391615200,,,
58499.99900000000,3.4135400000000000,0.11121140415860500,,,
58560.00200000000,3.411775,0.1103015744010590,,,
58619.99800000000,3.410005,0.10938814847846300,,,
58679.99900000000,3.4082350000000000,0.108478318720916,,,
58740.0,3.40638,0.10756489279832000,,,
58799.99900000000,3.40461,0.10665146687572400,,,
58859.99900000000,3.402755,0.10574163711817700,,,
58920.0,3.400815,0.10483180736063100,,,
58979.99900000000,3.399045,0.10392197760308400,,,
59039.997,3.397195,0.1030121478455380,,,
59099.99900000000,3.39534,0.10209872192294100,,,
59160.0,3.3934000000000000,0.10118529600034500,,,
59220.0,3.391465,0.10027187007774900,,,
59279.99900000000,3.389525,0.09935844415515290,,,
59339.99900000000,3.38767,0.0984414220675072,,,
59399.99800000000,3.385815,0.09753159230996070,,,
59459.99900000000,3.383875,0.09662176255241410,,,
59519.99900000000,3.38194,0.09571193279486760,,,
59579.99800000000,3.38,0.09479850687227140,,,
59640.0,3.3781500000000000,0.09389227327977440,,,
59699.99800000000,3.376205,0.09298603968727750,,,
59759.99800000000,3.3741850000000000,0.09207980609478050,,,
59820.0,3.37233,0.09116638017218440,,,
59879.99800000000,3.3703950000000000,0.09025655041463780,,,
59939.99900000000,3.36854,0.08934312449204170,,,
60000.0,3.36668,0.08843329473449510,,,
60059.99800000000,3.3646600000000000,0.08752346497694860,,,
60119.99800000000,3.3628100000000000,0.08661363521940200,,,
60179.997,3.360955,0.08570380546185550,,,
60239.99900000000,3.359095,0.08479037953925930,,,
60300.0,3.35716,0.08388414594676240,,,
60359.99800000000,3.355305,0.08297072002416620,,,
60419.997,3.3534500000000000,0.08205729410157010,,,
60479.99900000000,3.351595,0.08114746434402350,,,
60539.99900000000,3.349745,0.08023403842142740,,,
60600.00100000000,3.3478850000000000,0.07932420866388080,,,
60660.00100000000,3.346035,0.0784107827412847,,,
60719.99800000000,3.344265,0.07750095298373810,,,
60779.99800000000,3.34241,0.07658752706114200,,,
60839.99900000000,3.34064,0.07567769730359540,,,
60900.00100000000,3.33879,0.0747642713809993,,,
60960.0,3.337015,0.07385444162345270,,,
61019.99800000000,3.335165,0.0729410157008566,,,
61080.0,3.3333900000000000,0.07202758977826050,,,
61139.99800000000,3.331625,0.0711177600207139,,,
61200.003,3.3298550000000000,0.07020433409811780,,,
61260.00100000000,3.3280000000000000,0.06929090817552160,,,
61320.00100000000,3.32623,0.06838107841797510,,,
61379.99900000000,3.32446,0.06746765249537890,,,
61440.00100000000,3.3226900000000000,0.06655422657278280,,,
61500.00100000000,3.3209150000000000,0.06564439681523620,,,
61559.99900000000,3.31915,0.06473816322273930,,,
61619.99900000000,3.317375,0.0638319296302423,,,
61679.997,3.31561,0.06292209987269570,,,
61739.99800000000,3.31384,0.062012270115149200,,,
61800.00100000000,3.3120700000000000,0.061098844192553100,,,
61860.0,3.3103,0.060185418269956900,,,
61919.99800000000,3.30853,0.05927558851241040,,,
61979.99800000000,3.3067600000000000,0.05836575875486380,,,
62039.99900000000,3.30499,0.05745233283226770,,,
62099.99800000000,3.303225,0.05654250307472110,,,
62160.00100000000,3.3013650000000000,0.055625480987075400,,,
62219.99800000000,3.299685,0.05471205506447920,,,
62280.0,3.297825,0.053798629141883100,,,
62340.0,3.29589,0.05288879938433650,,,
62399.99900000000,3.2941150000000000,0.051975373461740400,,,
62459.997,3.29235,0.05106194753914430,,,
62519.99800000000,3.29041,0.05015571394664730,,,
62579.99900000000,3.28856,0.049242288024051100,,,
62640.0,3.2866150000000000,0.04832526593640540,,,
62699.99900000000,3.28468,0.04741184001380930,,,
62759.99900000000,3.28274,0.04650201025626270,,,
62819.99900000000,3.280805,0.045588584333666600,,,
62880.0,3.278695,0.04467515841107040,,,
62939.99800000000,3.276675,0.04376173248847430,,,
62999.99800000000,3.274565,0.042848306565878100,,,
63059.99800000000,3.272545,0.04193128447823240,,,
63120.0,3.270435,0.04102145472068590,,,
63180.0,3.2682450000000000,0.0401116249631393,,,
63239.99800000000,3.2659700000000000,0.03919819904054320,,,
63299.99800000000,3.263865,0.03828477311794700,,,
63359.99800000000,3.261585,0.03737494336040050,,,
63419.997,3.259315,0.03646151743780430,,,
63480.0,3.257035,0.03555168768025780,,,
63539.99900000000,3.254595,0.03463826175766160,,,
63599.99900000000,3.25206,0.03372843200011510,,,
63659.99800000000,3.249705,0.03281500607751890,,,
63720.0,3.2471750000000000,0.03190158015492280,,,
63779.99900000000,3.2446450000000000,0.030991750397376200,,,
63840.0,3.242115,0.030078324474780100,,,
63899.99800000000,3.239335,0.02917209088228310,,,
63959.99800000000,3.23672,0.028262261124736600,,,
64020.0,3.2340300000000000,0.02735243136719000,,,
64079.99800000000,3.231245,0.026439005444593900,,,
64139.99800000000,3.228295,0.02552917568704730,,,
64200.00100000000,3.2253500000000000,0.024615749764451200,,,
64259.99800000000,3.2223950000000000,0.02370232384185500,,,
64319.99800000000,3.21945,0.022792494084308500,,,
64379.99900000000,3.2164100000000000,0.02188626049181150,,,
64439.99900000000,3.21321,0.020972834569215400,,,
64500.00100000000,3.2100050000000000,0.020063004811668800,,,
64559.99900000000,3.2066350000000000,0.01914957888907270,,,
64620.00100000000,3.2033500000000000,0.01823974913152610,,,
64679.99900000000,3.199895,0.017326323208930000,,,
64740.0,3.19627,0.016416493451383400,,,
64799.99900000000,3.1926450000000000,0.015499471363737700,,,
64859.99900000000,3.1888500000000000,0.014582449276092000,,,
64920.0,3.184975,0.013669023353495800,,,
64980.003,3.18093,0.012759193595949300,,,
65039.99800000000,3.1768,0.011849363838402700,,,
65099.99800000000,3.172415,0.010935937915806600,,,
65159.99900000000,3.1679500000000000,0.010022511993210400,,,
65220.003,3.16323,0.009116278400713480,,,
65279.997,3.1583450000000000,0.008202852478117340,,,
65339.99900000000,3.153285,0.007296618885620370,,,
65399.99900000000,3.14789,0.00638319296302423,,,
65460.0,3.1424150000000000,0.005473363205477680,,,
65519.99800000000,3.1366,0.004559937282881540,,,
65580.0,3.130535,0.003646511360285390,,,
65640.00100000000,3.124295,0.002736681602738840,,,
65699.99900000000,3.1177200000000000,0.0018232556801427000,,,
65759.99800000000,3.1136750000000000,0.0009134259225961430,,,